year,name,category,description,url,num_projects,projects_url,contact_email,mailing_list,irc_channel,twitter_url,blog_url,topics,technologies
2023,GeomScale,Science and medicine,Scalable geometric and statistical software,https://geomscale.github.io,3,https://summerofcode.withgoogle.com/programs/2023/organizations/geomscale,mailto:geomscale@gmail.com,https://groups.google.com/g/geomscale-gsoc,https://gitter.im/GeomScale/community?utm_source=share-link&utm_medium=link&utm_campaign=share-link,https://mobile.twitter.com/GeomScale,,"mathematics, data science, computational biology, computational geometry, statistics","python, c++, r, jupyter, github-actions"
2023,FreeCAD,End user applications,Cross-platform 3D parametric modeler,https://freecad.org,4,https://summerofcode.withgoogle.com/programs/2023/organizations/freecad,,https://forum.freecad.org,https://web.libera.chat/#freecad,https://twitter.com/freecadnews,https://blog.freecad.org/,"engineering, graphics, cad, architecture, CAM","python, c++, qt, OpenCASCADE, OpenInventor"
2023,Open Genome Informatics,Science and medicine,Open access genomics and bioinformatics projects,http://gmod.org/wiki/GSoC,1,https://summerofcode.withgoogle.com/programs/2023/organizations/open-genome-informatics,mailto: help@gmod.org,http://groups.google.com/group/genome-informatics,,https://twitter.com/gmodproject,http://gmod.org/wiki/GMOD_News,"genomics, bioinformatics, cloud, biology, data discovery","python, react, r-project, graph, angular"
2023,libssh,Programming languages,The SSH library,https://www.libssh.org/,2,https://summerofcode.withgoogle.com/programs/2023/organizations/libssh,,https://www.libssh.org/communication/,https://matrix.to/#/!yBkUIMByeIPFgUzcVM:matrix.org?via=matrix.org,,,"security, cryptography","c, ci, ssh"
2023,GNOME Foundation,Operating systems,A diverse and sustainable free software desktop.,https://gnome.org,9,https://summerofcode.withgoogle.com/programs/2023/organizations/gnome-foundation,,https://discourse.gnome.org/,https://wiki.gnome.org/GettingInTouch/IRC,https://twitter.com/gnome,https://foundation.gnome.org/news/,"operating systems, desktop, graphics, open source, apps","c, linux, rust, gtk, Flatpak"
2023,Mantis,Data,Stream Processing for Operational Analytics,https://netflix.github.io/mantis/,2,https://summerofcode.withgoogle.com/programs/2023/organizations/mantis,,https://groups.google.com/forum/#!forum/mantis-oss-dev,https://discord.gg/bKvxTn4jRv,https://twitter.com/mantisio2,,"cloud, distributed systems, Operational Analytics","java, Rxjava, Akka, Netty"
2023,JdeRobot,Other,Toolkit for developing Robotics applications,http://jderobot.github.io,4,https://summerofcode.withgoogle.com/programs/2023/organizations/jderobot,mailto:jderobot@gmail.com,https://gsyc.urjc.es/cgi-bin/mailman/listinfo/jde-developers,,https://twitter.com/JdeRobot,,"education, artificial intelligence, robotics, computer vision, developer tools","python, ros, gazebo, opencv, tensorflow"
2023,The Tor Project,Web,Defend yourself against tracking and surveillance.,https://www.torproject.org/,4,https://summerofcode.withgoogle.com/programs/2023/organizations/the-tor-project,mailto:gsoc@torproject.org,https://forum.torproject.net/,https://support.torproject.org/get-in-touch/#irc-help,https://twitter.com/torproject/,https://blog.torproject.org/,"security, privacy, anti-censorship, Human Rights, Surveillance","c, python, web, rust"
2023,Eclipse Foundation,Programming languages,The Global Open Source Foundation,https://www.eclipse.org/,6,https://summerofcode.withgoogle.com/programs/2023/organizations/eclipse-foundation,mailto:emo@eclipse-foundation.org,https://dev.eclipse.org/mailman/listinfo/soc-dev,,https://twitter.com/EclipseFdn,,"robotics, automotive, tools, cloud native java, iot & edge","java, che, deeplearning, eclipsejavaide, jakartaee"
2023,PostgreSQL,Data,The Most Advanced Open Source Relational Database,https://postgresql.org,12,https://summerofcode.withgoogle.com/programs/2023/organizations/postgresql,,pgsql-hackers@lists.postgresql.org,https://postgres-slack.herokuapp.com/,,,"web, database, ui, sql, Benchmark","c, python, postgresql, javascript, sql"
2023,X.Org Foundation,Media,"X Window System and related projects (Mesa, DRI, Wayland, etc.)",https://www.x.org,5,https://summerofcode.withgoogle.com/programs/2023/organizations/xorg-foundation,mailto:https://lists.freedesktop.org/mailman/listinfo/dri-devel,,https://webchat.oftc.net/?channels=#dri-devel,https://twitter.com/XOrgFoundation,https://planet.freedesktop.org/,"graphics, kernel, drivers","opengl, vulkan, x11, wayland, DRM"
2023,CERN-HSF,Science and medicine,Umbrella for Particle Physics-related projects,http://hepsoftwarefoundation.org/activities/gsoc.html,16,https://summerofcode.withgoogle.com/programs/2023/organizations/cern-hsf,mailto:hsf-gsoc-admin@googlegroups.com,,,https://twitter.com/hepsoftfound,,"machine learning, big data, algorithmics, particle physics, Performance Optimisation","python, c/c++, data analysis, artificial intelligence, container orchestration"
2023,Zulip,End user applications,Modern team chat app designed for efficiency.,https://zulip.com/,13,https://summerofcode.withgoogle.com/programs/2023/organizations/zulip,,,https://chat.zulip.org/,https://twitter.com/zulip,,"great developer tooling, visual design, teaching quality codebase, team chat, integrations","python, django, css, typescript, electron"
2023,INCF,Science and medicine,An open & FAIR neuroscience standards organization,https://www.incf.org,22,https://summerofcode.withgoogle.com/programs/2023/organizations/incf,mailto:gsoc@incf.org,,,https://twitter.com/INCForg,,"machine learning, data visualization, neuroscience, brain modelling, neuroimage processing","python, javascript, java, c++, gpu"
2023,Chromium,Operating systems,"Fast, seamless, safe, and reliable web for all",https://chromium.org,17,https://summerofcode.withgoogle.com/programs/2023/organizations/chromium-lj,,https://www.chromium.org/developers/technical-discussion-groups/,,https://twitter.com/ChromiumDev,https://blog.chromium.org/,"web, browser, operating-system","python, javascript, java, c++, git"
2023,VideoLAN,End user applications,Open Source Multimedia for everyone!,https://www.videolan.org,10,https://summerofcode.withgoogle.com/programs/2023/organizations/videolan,mailto:videolan@videolan.org,,#videolan on Libera.chat,https://twitter.com/videolan,,"audio, streaming, video, codecs, media database","c, c++, qt, assembly, video"
2023,Python Software Foundation,Science and medicine,A programming language used for science & more,https://python-gsoc.org/,22,https://summerofcode.withgoogle.com/programs/2023/organizations/python-software-foundation,,https://mail.python.org/mailman/listinfo/gsoc-general,https://python-gsoc.org/index.html#contact,,https://blogs.python-gsoc.org/en/,"security, visualization, compiler, modeling, Backup","python, javascript, c++, SBOM"
2023,Cockpit Project,Operating systems,Cockpit is an interactive server admin interface,https://cockpit-project.org/,2,https://summerofcode.withgoogle.com/programs/2023/organizations/cockpit-project,mailto:mmarusak@redhat.com,,https://www.irccloud.com/irc/libera.chat/channel/cockpit,https://twitter.com/cockpitproject/,,"operating systems, web, linux","python, javascript, react"
2023,CNCF,Data,Building sustainable ecosystems for cloud native,https://cncf.io,14,https://summerofcode.withgoogle.com/programs/2023/organizations/cncf,mailto:soc@cncf.io,https://github.com/cncf/mentoring/discussions,,https://twitter.com/cloudnativefdn,,"cloud, cloud native, observability","prometheus, kubernetes, OpenTelemetry, envoy"
2023,Rizin,Security,Rizin reverse engineering framework and toolset,https://rizin.re,1,https://summerofcode.withgoogle.com/programs/2023/organizations/rizin,mailto:gsoc@rizin.re,,https://im.rizin.re,https://twitter.com/rizinorg,,"reverse engineering, computer security, debugging, emulation, disassembly","c, python, go, c++, qt"
2023,Unikraft,Operating systems,A Fast and Secure Unikernel SDK,https://unikraft.org/,4,https://summerofcode.withgoogle.com/programs/2023/organizations/unikraft,,https://github.com/unikraft/unikraft/discussions,https://bit.ly/UnikraftDiscord,https://twitter.com/unikraftsdk,,"virtualization, cloud, software reuse, software configurability","c, xen, golang, kvm, assembly language"
2023,Haiku,Operating systems,Operating system that targets personal computing.,https://www.haiku-os.org,3,https://summerofcode.withgoogle.com/programs/2023/organizations/haiku,,https://www.haiku-os.org/community/ml,https://www.haiku-os.org/community/irc,,https://www.haiku-os.org/blog/,"desktop, kernel, network, media, gui","c++, posix, unix"
2023,National Resource for Network Biology (NRNB),Science and medicine,Developing open source tools for network biology,https://nrnb.org/gsoc.html,8,https://summerofcode.withgoogle.com/programs/2023/organizations/national-resource-for-network-biology-nrnb,mailto:alex.pico@gladstone.ucsf.edu,https://groups.google.com/g/cytoscape-helpdesk,https://github.com/nrnb/GoogleSummerOfCode/issues,https://twitter.com/cytoscape,,"web application, data science, graphics, scientific computing, network biology","python, javascript, java, xml, r"
2023,Wikimedia Foundation,Web,Brings free educational content to the world,http://wikimediafoundation.org/,9,https://summerofcode.withgoogle.com/programs/2023/organizations/wikimedia-foundation,,,https://wikimedia.zulipchat.com/#narrow/stream/365030-gsoc23-outreachy26/topic/welcome,,,"semantic web, wikipedia, wikimedia, mediawiki, i18n","python, javascript, html, php, css"
2023,The NetBSD Foundation,Operating systems,Of course it runs NetBSD,https://www.NetBSD.org/,2,https://summerofcode.withgoogle.com/programs/2023/organizations/the-netbsd-foundation,,https://www.NetBSD.org/mailinglists/,https://web.libera.chat/#NetBSD-code,https://twitter.com/netbsd,https://blog.NetBSD.org/,"kernel, packaging, userland, unix, bsd","c, shell script, make, unix, bsd"
2023,GNU Radio,Science and medicine,The free & open software radio ecosystem,https://www.gnuradio.org,1,https://summerofcode.withgoogle.com/programs/2023/organizations/gnu-radio,,https://lists.gnu.org/mailman/listinfo/discuss-gnuradio,https://chat.gnuradio.org/#/welcome,https://twitter.com/gnuradio,https://www.gnuradio.org/blog/,"real-time, dsp, communications engineering, cybersecurity, Software-Defined Radio","python, c++, qt, simd"
2023,Jina AI,Data,"Multimodal AI from the community, for everyone",https://jina.ai/,1,https://summerofcode.withgoogle.com/programs/2023/organizations/jina-ai-sb,,,https://slack.jina.ai,https://twitter.com/jinaAI_/,https://jina.ai/news/,"cloud native, neural search, generative AI, Python MLOps Framework, Mulitmodel Data","python, machine learning, microservices, data science, Multimodel AI"
2023,QEMU,Infrastructure and cloud,Open source machine emulator and virtualizer,https://qemu.org/,6,https://summerofcode.withgoogle.com/programs/2023/organizations/qemu,mailto:stefanha@gmail.com,,https://webchat.oftc.net/?channels=qemu-gsoc,,https://qemu.org/blog,"systems programming, kernel, compiler, emulator, hypervisor","c, python, linux, rust"
2023,Synfig,Media,Open-source 2D animation software,https://synfig.org,2,https://summerofcode.withgoogle.com/programs/2023/organizations/synfig,,https://forums.synfig.org/t/gsoc-2022-google-summer-of-code-2022/12986,,https://twitter.com/synfig,https://www.synfig.org/news/,"2d/3d graphics, animation, vector graphics","python, c++, gtk, gtkmm"
2023,OpenVINO Toolkit,Other,Make AI inference faster and easier to deploy!,https://docs.openvino.ai/,5,https://summerofcode.withgoogle.com/programs/2023/organizations/openvino-toolkit,,https://github.com/openvinotoolkit/openvino/discussions,,,https://medium.com/openvino-toolkit,"machine learning, ai, deep learning, neural network, inference","python, c++, x86"
2023,Organic Maps,End user applications,"Offline maps app for tourists, cyclers & hikers",https://organicmaps.app,3,https://summerofcode.withgoogle.com/programs/2023/organizations/organic-maps,mailto:hello@organicmaps.app,https://github.com/organicmaps/organicmaps/issues,https://matrix.to/#/#organicmaps:matrix.org,https://twitter.com/organicmapsapp,https://organicmaps.app/news/,"privacy, maps, navigation, mobile, offline","android, java, c++, ios, OpenStreetMap"
2023,TARDIS RT Collaboration,Science and medicine,Exploring supernovae made easy,https://tardis-sn.github.io,6,https://summerofcode.withgoogle.com/programs/2023/organizations/tardis-rt-collaboration,,,https://gitter.im/tardis-sn/gsoc,https://twitter.com/tardis_sn,,"visualization, big data, simulation, astrophysics","python, numba, numpy, jupyter, pandas"
2023,CircuitVerse.org,Science and medicine,Build and learn logic circuits in the cloud!,http://circuitverse.org/,4,https://summerofcode.withgoogle.com/programs/2023/organizations/circuitverseorg,,https://github.com/CircuitVerse/CircuitVerse/discussions,,https://twitter.com/circuitverse?lang=en,https://blog.circuitverse.org/,"education, web, simulation, pedagogy, digital logic design","javascript, rails, canvas"
2023,Drupal Association,Web,The best open source digital experience platform,https://drupal.org,4,https://summerofcode.withgoogle.com/programs/2023/organizations/drupal-association,,https://groups.drupal.org/google-summer-code,https://www.drupal.org/community/contributor-guide/reference-information/talk/tools/slack,https://twitter.com/drupal,,"web, cloud, DXP, Massive community, Inclusive","mysql, javascript, html, php, symfony"
2023,coreboot,Operating systems,"Fast, secure and flexible BIOS firmware",https://coreboot.org,2,https://summerofcode.withgoogle.com/programs/2023/organizations/coreboot,,coreboot@coreboot.org,https://discord.com/invite/JqT8NM5Zbg,https://firmware.network/coreboot,https://blogs.coreboot.org/,"hardware, drivers, firmware, boot loader, BIOS","c, assembly, arm, x86"
2023,Kiwix,End user applications,Internet content available offline.,https://www.kiwix.org,2,https://summerofcode.withgoogle.com/programs/2023/organizations/kiwix,mailto:contact+gsoc@kiwix.org,,https://join.slack.com/t/kiwixoffline/shared_invite/zt-c5fgl342-VDYtm7fwY6w0BAeBqYxIGg,https://twitter.com/KiwixOffline,,"offline, browser, compression","python, perl, c++, nodejs, kotlin"
2023,CRIU,Operating systems,Chekpoint/Restore for Linux tasks and containers,https://criu.org,3,https://summerofcode.withgoogle.com/programs/2023/organizations/criu,,criu@openvz.org,https://gitter.im/save-restore/CRIU,,,"cloud, containers, Checkpoint/Restore","c, python, linux, go"
2023,Ceph,Data,The Future of Storage,https://ceph.io/en/,3,https://summerofcode.withgoogle.com/programs/2023/organizations/ceph,,https://ceph.io/en/community/connect/,https://join.slack.com/t/ceph-storage/shared_invite/zt-1n8yigss2-yYg099VlTiGMCLIziG_h4Q,https://twitter.com/ceph,https://ceph.io/en/news/blog/,"distributed systems, Software-Defined-Storage","python, javascript, c++"
2023,MariaDB,Data,The fastest growing Open Source Database,https://mariadb.org,5,https://summerofcode.withgoogle.com/programs/2023/organizations/mariadb,,https://mariadb.com/kb/en/mailing-lists/,https://mariadb.zulipchat.com/,,,"Database Engines, SQL Features","python, javascript, c/c++, perl, databases"
2023,Postman,Data,The Future is API-First,https://postman.com,8,https://summerofcode.withgoogle.com/programs/2023/organizations/postman,mailto:gsoc@postman.com,https://community.postman.com/c/open-technology/gsoc/42,,https://twitter.com/getpostman,,"testing, api, automation, documentation, data","javascript, api, openapi, AsyncAPI, JSON Schema"
2023,"Stratosphere Laboratory, Czech Technical University in Prague",Data,Using machine learning and security to help others,https://www.stratosphereips.org/,1,https://summerofcode.withgoogle.com/programs/2023/organizations/stratosphere-laboratory-czech-technical-university-in-prague,mailto:stratosphere@aic.fel.cvut.cz,https://discord.com/invite/zu5HwMFy5C,,https://twitter.com/StratosphereIPS,https://www.stratosphereips.org/blog,"machine learning, network security, Security Defense","python, javascript, redis, flask, docker"
2023,Submitty,End user applications,Homework Autograding and Course Management Tools,https://submitty.org,3,https://summerofcode.withgoogle.com/programs/2023/organizations/submitty,,https://submitty.org/index/contact,https://join.slack.com/t/submitty/shared_invite/enQtMzE1NzgyMzUzNzI5LWZhOGM4NWU4M2U3ZmM2ZmM5NTYwNjk3NTc5Yjg1ZGRlYzU1MjcwYWNkNGYxZjk2YTk3ZmEyODY3MjEyOTc0M2E,https://twitter.com/submitty,,"education, visualization, web, privacy/security, communication","python, postgresql, javascript, c++, php"
2023,OSGeo (Open Source Geospatial Foundation),End user applications,The Open Source Geospatial Foundation,https://www.osgeo.org/,7,https://summerofcode.withgoogle.com/programs/2023/organizations/osgeo-open-source-geospatial-foundation,mailto:gsoc-admin@osgeo.org,https://www.osgeo.org/community/communications/,https://wiki.osgeo.org/wiki/Google_Summer_of_Code_Recommendations_for_Students#How_to_get_in_contact_via_IRC,https://twitter.com/osgeo,,"open science, gis, citizen science, geolocation, mapping","c, python, javascript, java, c++"
2023,Internet Archive,Science and medicine,Universal Access to All Knowledge,http://archive.org,5,https://summerofcode.withgoogle.com/programs/2023/organizations/internet-archive,mailto:info@archive.org,,,https://twitter.com/internetarchive,,"library, media, archiving","python, javascript, go, elasticsearch, hadoop"
2023,libcamera,Media,Provide an open source camera stack for linux,https://libcamera.org,2,https://summerofcode.withgoogle.com/programs/2023/organizations/libcamera,mailto:paul.elder@ideasonboard.com,https://lists.libcamera.org/listinfo/libcamera-devel,https://webchat.oftc.net/?channels=libcamera,,,"camera, image prcessing","c/c++, linux kernel, qt5, gstreamer, v4l2"
2023,CGAL Project,Science and medicine,C++ library of computational geometry,https://www.cgal.org,10,https://summerofcode.withgoogle.com/programs/2023/organizations/cgal-project,mailto:gsoc-cgal@inria.fr,,,,,"geometry, mesh processing, computation geometry, geometry processing","c++, qt"
2023,OWASP Foundation,Security,No more insecure software.,https://owasp.org,11,https://summerofcode.withgoogle.com/programs/2023/organizations/owasp-foundation,mailto:gsoc-admins@owasp.org,https://groups.google.com/g/owasp-gsoc?pli=1,https://owasp.org/slack/invite,https://twitter.com/owasp,,"web, cloud, application security, cybersecurity, DevSecOps","python, javascript, java, ZAP, Juice Shop"
2023,The Linux Foundation,Operating systems,Non-profit consortium fostering growth of Linux,http://www.linuxfoundation.org/,11,https://summerofcode.withgoogle.com/programs/2023/organizations/the-linux-foundation,mailto:till@linux.com,https://wiki.linuxfoundation.org/gsoc/google-summer-code-2023#contact_us,https://wiki.linuxfoundation.org/gsoc/google-summer-code-2023#contact_us,,https://linuxfoundation.org/blog/,"kernel, automotive, printing, iio, zephyr","c, linux, c++, cups, ipp"
2023,Keploy,Programming languages,E2E test generation and mocking toolkit,https://keploy.io,2,https://summerofcode.withgoogle.com/programs/2023/organizations/keploy,mailto:hello@keploy.io,,https://join.slack.com/t/keploy/shared_invite/zt-12rfbvc01-o54cOG0X1G6eVJTuI_orSA,https://twitter.com/Keployio,https://keploy.hashnode.dev/,"API Testing, No code platform, Dev Tool, Functional Testing, Mock and Stubs Generation","java, golang, node, MERN, epbf"
2023,MoveIt,Science and medicine,Moving robots into the future,https://moveit.ros.org,2,https://summerofcode.withgoogle.com/programs/2023/organizations/moveit,mailto:henningkayser@picknik.ai,,,,https://moveit.ros.org/blog/,"robotics, motion planning, trajectory generation, kinematics","ros, c++"
2023,KubeVirt,Infrastructure and cloud,Building a virtualization API for Kubernetes,https://kubevirt.io,1,https://summerofcode.withgoogle.com/programs/2023/organizations/kubevirt,,https://groups.google.com/forum/#!forum/kubevirt-dev,https://kubernetes.slack.com/archives/C0163DT0R8X,https://twitter.com/kubevirt,,"virtualization, containers, kubernetes","golang, grpc"
2023,MetaCall,Programming languages,Simplifying the embedding of programming languages,https://metacall.io,4,https://summerofcode.withgoogle.com/programs/2023/organizations/metacall,mailto:contact@metacall.io,,https://matrix.to/#/#metacall:matrix.org,https://twitter.com/metacallio,,"cloud, polyglot, faas, languages, ffi","python, c++, rust, nodejs, docker"
2023,Mathesar,Data,Webapp providing a UX-first interface to databases,https://mathesar.org/,2,https://summerofcode.withgoogle.com/programs/2023/organizations/mathesar,,https://wiki.mathesar.org/en/community/mailing-lists,https://wiki.mathesar.org/en/community/matrix,https://twitter.com/mathesar_org,,"databases, web, data, nonprofit, self-hosted","python, postgresql, javascript, django, svelte"
2023,The ns-3 Network Simulator Project,Science and medicine,ns-3 is a simulation tool for computer networks.,https://www.nsnam.org,3,https://summerofcode.withgoogle.com/programs/2023/organizations/the-ns-3-network-simulator-project,,https://groups.google.com/g/ns-developers,https://ns-3.zulipchat.com,,,"computer networking, network simulation","python, django, c++"
2023,GNU Image Manipulation Program,End user applications,GIMP is a cross-platform image editor,https://www.gimp.org/,3,https://summerofcode.withgoogle.com/programs/2023/organizations/gnu-image-manipulation-program,,,https://www.gimp.org/discuss.html#irc-matrix,https://twitter.com/zemarmot,https://www.gimp.org/news/,"graphics, design, photography, illustration","c, GEGL"
2023,BeagleBoard.org,Science and medicine,Open hardware computing for educators and makers,https://beagleboard.org,4,https://summerofcode.withgoogle.com/programs/2023/organizations/beagleboardorg,mailto:gsoc@beagleboard.org,https://bbb.io/gsocml,https://bbb.io/gsocchat,https://twitter.com/beagleboardorg,https://beagleboard.org/blog,"robotics, iot, ai, software defined radio, Personal Server","linux, fpga, risc-v, dsp, Zephyr RTOS"
2023,Scalable Parallel Computing Laboratory,Programming languages,High-performance computing for clusters and clouds,https://spcl.inf.ethz.ch/,2,https://summerofcode.withgoogle.com/programs/2023/organizations/scalable-parallel-computing-laboratory,,,https://chat.spcl.inf.ethz.ch/signup_user_complete/?id=6iq1jfforpf9tyhdmffi57zpxw,https://twitter.com/spcl_eth,,"programming languages, high-performance computing, parallel computing, Serverless Computing, faas","python, c++, mpi, aws, Serverless"
2023,Pharo Consortium,Programming languages,Modern and innovative programming language,https://pharo.org/,6,https://summerofcode.withgoogle.com/programs/2023/organizations/pharo-consortium,,pharo-users@lists.pharo.org,https://discord.gg/QewZMZa,https://twitter.com/pharoproject,,"compilers, machine learning, programming languages, virtual machines, Modelling","git, smalltalk, roassal, pharo, SUnit"
2023,LibreOffice,End user applications,LibreOffice is a free and open source office suite,https://www.libreoffice.org/,5,https://summerofcode.withgoogle.com/programs/2023/organizations/libreoffice,,https://wiki.documentfoundation.org/Development/Mailing_List,https://wiki.documentfoundation.org/Website/IRC,https://twitter.com/libreoffice,,"office suite, desktop application, end user application","python, java, c++"
2023,GNU Compiler Collection (GCC),Programming languages,GNU compilers,https://gcc.gnu.org/,6,https://summerofcode.withgoogle.com/programs/2023/organizations/gnu-compiler-collection-gcc,,https://gcc.gnu.org/mailman/listinfo/gcc,https://gcc-rust.zulipchat.com/login/,,,"compilers, developer tools, toolchain, openmp, link time optimization","c/c++, gnu make, gnu autotools"
2023,AFLplusplus,Security,State of the art fuzzing for better security,https://aflplus.plus,2,https://summerofcode.withgoogle.com/programs/2023/organizations/aflplusplus,mailto:afl@aflplus.plus,,,https://twitter.com/aflplusplus,,"fuzzing, ci","llvm, rust, fuzzing, qemu"
2023,XWiki,Web,The Advanced Open Source Enterprise Wiki,https://www.xwiki.org/,1,https://summerofcode.withgoogle.com/programs/2023/organizations/xwiki,,https://dev.xwiki.org/xwiki/bin/view/Community/Discuss,https://dev.xwiki.org/xwiki/bin/view/Community/Chat,,https://dev.xwiki.org/xwiki/bin/view/Community/Discuss#HForum,"web development, wiki, platform, web applications, structured data","javascript, java, html5, css3, velocity"
2023,UC OSPO,Science and medicine,Amplifying Research Impact through Open Source,https://ospo.ucsc.edu/osre,14,https://summerofcode.withgoogle.com/programs/2023/organizations/uc-ospo,mailto:ospo-info-group@ucsc.edu,,https://app.gitter.im/#/room/#uc_ospo-osre_community:gitter.im,https://twitter.com/UC_OSPO,,"hardware, data science, reproducibility, storage systems, data management","python, c/c++, visualization, VLSI, ros/gazebo"
2023,Git,Programming languages,"Fast,Scalable,Distributed revision control system",https://git-scm.com/,2,https://summerofcode.withgoogle.com/programs/2023/organizations/git,mailto:git@vger.kernel.org,https://git-scm.com/community,https://git-scm.com/community,,,"version control, dvcs","shell script, git, c language"
2023,GRAME,Programming languages,Domain specific language for audio,https://faust.grame.fr,2,https://summerofcode.withgoogle.com/programs/2023/organizations/grame,mailto:research@grame.fr,https://faust.grame.fr/community/help/,https://faustaudio.slack.com,,https://github.com/grame-cncm/faustideas/wiki,"audio, compiler, digital signal processing, function programming language","c, python, javascript, c++, typescript"
2023,openSUSE Project,Operating systems,"Makers' choice for sysadmins, developers & users",https://get.opensuse.org/,8,https://summerofcode.withgoogle.com/programs/2023/organizations/opensuse-project,mailto:ddemaio@opensuse.org,https://lists.opensuse.org/archives/list/factory@lists.opensuse.org/,https://discord.com/invite/opensuse,https://twitter.com/openSUSE,,"AIML, operating system developer tools, containers kubernetes, Security Cryptography, licensing & software quality QA","python, ruby, perl, rust, reactjs javascript"
2023,MIT App Inventor,Other,Anyone can build apps with global impact.,http://appinventor.mit.edu,6,https://summerofcode.withgoogle.com/programs/2023/organizations/mit-app-inventor,,https://community.appinventor.mit.edu,,,https://appinventor.mit.edu/explore/blog,"education, development tools, android, ios","javascript, java, gwt, swift"
2023,Blender Foundation,End user applications,The Freedom to Create,https://www.blender.org,5,https://summerofcode.withgoogle.com/programs/2023/organizations/blender-foundation,,https://devtalk.blender.org/c/blender/summer-of-code/15,,,https://devtalk.blender.org/c/blender/summer-of-code/15,"games, graphics, 3d, rendering, animation","c, python, opengl, c++, vulkan"
2023,Red Hen Lab,Data,Research on Multimodal Communication,http://www.redhenlab.org,5,https://summerofcode.withgoogle.com/programs/2023/organizations/red-hen-lab,mailto:redhenlab@gmail.com,,,https://twitter.com/redhenlab,,"data science, media, language, multimodal communication, gesture","python, machine learning, computer vision, nlp, data science"
2023,Global Alliance for Genomics and Health,Science and medicine,We develop genomics tools to benefit human health,https://ga4gh.org,7,https://summerofcode.withgoogle.com/programs/2023/organizations/global-alliance-for-genomics-and-health,mailto:gsoc-mentors-2023@ga4gh.org,,,https://twitter.com/ga4gh,,"web, genomics, bioinformatics, genetics, standards","python, postgresql, java, react, rust"
2023,Invesalius,Science and medicine,3D Medical visualization and neuronavigation tool,https://invesalius.github.io/,2,https://summerofcode.withgoogle.com/programs/2023/organizations/invesalius,,https://github.com/invesalius/invesalius3/discussions,,,https://www1.cti.gov.br/pt-br/invesalius/publicacoes,"ehealth, medical imaging, 3D Reconstruction, 3d printing, Neuronavigation","python, cython, numpy, dicom, Vtk"
2023,omegaUp,End user applications,Open CS Education as a catalyst for social change,https://omegaup.org,3,https://summerofcode.withgoogle.com/programs/2023/organizations/omegaup,,,https://discord.gg/AusvEwgx,,,"education, web, cloud, edtech, UX/UI","python, mysql, php, typescript, vue.js"
2023,Purr Data,End user applications,Realtime Audio/Visual Programming Environment,https://www.purrdata.net/,2,https://summerofcode.withgoogle.com/programs/2023/organizations/purr-data,,https://disis.music.vt.edu/listinfo/l2ork-dev,,,,"web, graphics, audio, realtime","c, javascript, html5, Emscripten"
2023,NumFOCUS,Science and medicine,NumFOCUS promotes open source scientific software.,https://numfocus.org,24,https://summerofcode.withgoogle.com/programs/2023/organizations/numfocus,mailto:info@numfocus.org,https://groups.google.com/a/numfocus.org/forum/#!forum/gsoc,,https://twitter.com/NumFOCUS/,,"data science, graphics, scientific computing, numerical computation","python, c++, r, julia"
2023,ArduPilot,Science and medicine,World's most advanced autonomous vehicle software,https://ardupilot.org/,4,https://summerofcode.withgoogle.com/programs/2023/organizations/ardupilot,,https://discuss.ardupilot.org/c/google-summer-of-code/131,https://discord.com/channels/674039678562861068/805671364873682954,https://twitter.com/ardupilotteam?lang=en,,"robotics, Drone, autonomous vehicle, UGV, unmanned vehicle","python, lua, c++, pixhawk"
2023,KDE Community,End user applications,International team developing Open Source software,https://kde.org/,7,https://summerofcode.withgoogle.com/programs/2023/organizations/kde-community,,https://mail.kde.org/mailman/listinfo/kde-devel,https://userbase.kde.org/IRC_Channels,https://twitter.com/kdecommunity,,"education, science, applications, desktop environment","c++, qt, qml, data structures"
2023,Ste||ar group,Science and medicine,Shaping a Scalable Future,http://stellar-group.org/,5,https://summerofcode.withgoogle.com/programs/2023/organizations/stear-group,mailto:https://mail.cct.lsu.edu/mailman/listinfo/hpx-users,,https://github.com/STEllAR-GROUP/hpx/blob/master/.github/SUPPORT.md,,https://github.com/STEllAR-GROUP/hpx,"library, optimization, parallel algorithms, hpx, application","c++, hpc"
2023,OpenCV,Data,++ beneficial uses of computer vision in society,https://opencv.org/,10,https://summerofcode.withgoogle.com/programs/2023/organizations/opencv,,https://groups.google.com/g/opencv-gsoc-2022,,https://twitter.com/opencvlibrary,https://open-cv.slack.com/ssb/redirect,"robotics, computer vision, ai, deep learning","python, c++, deep learning, ai"
2023,mlpack,Science and medicine,"a fast, flexible machine learning library",https://www.mlpack.org,3,https://summerofcode.withgoogle.com/programs/2023/organizations/mlpack,,http://lists.mlpack.org/mailman/listinfo/mlpack,https://www.mlpack.org/community.html#page-chat,,,"machine learning, embedded, ai, deep learning, Neural networks","c++, C++ template metaprogramming"
2023,Qdrant,Data,Vector Search Database for the new AI generation.,https://qdrant.tech,2,https://summerofcode.withgoogle.com/programs/2023/organizations/qdrant,mailto:dev@qdrant.com,,https://qdrant.to/discord,https://twitter.com/qdrant_engine,https://www.linkedin.com/company/qdrant/,"databases, machine learning, Search Engines","python, javascript, rust"
2023,OpenAstronomy,Science and medicine,Look at the Universe with the power of open source,https://openastronomy.org/,6,https://summerofcode.withgoogle.com/programs/2023/organizations/openastronomy,mailto:openastronomy.organization@gmail.com,https://community.openastronomy.org/,https://openastronomy.element.io/#/room/#openastronomy:openastronomy.org,https://astrodon.social/@OpenAstronomy,https://openastronomy.org/Universe_OA/,"image processing, astronomy, solar physics, high energy astrophysics","c, python, julia"
2023,CCExtractor Development,End user applications,"TV, Rust, Flutter, Linux, VR and C. In any order.",https://www.ccextractor.org,7,https://summerofcode.withgoogle.com/programs/2023/organizations/ccextractor-development,mailto:gsoc@ccextractor.org,https://groups.google.com/g/ccextractor-dev,https://ccextractor.org/public/general/support/,,,"vr, linux, video, subtitles, mobile","c, linux, rust, flutter"
2023,Carbon Language,Programming languages,An experimental successor to C++,https://github.com/carbon-language/carbon-lang,2,https://summerofcode.withgoogle.com/programs/2023/organizations/carbon-language,,,https://discord.com/invite/ZjVdShJDAs,https://twitter.com/greenexecutive,,"programming languages, c++","llvm, c++, clang, Bison"
2023,Dart,Programming languages,Dart is a client language for apps on any platform,https://dart.dev,2,https://summerofcode.withgoogle.com/programs/2023/organizations/dart,,https://groups.google.com/g/dart-gsoc,,,https://medium.com/dartlang,"programming languages, mobile apps","flutter, dart"
2023,Open Robotics,End user applications,Development of open source robotics,https://www.openrobotics.org/,3,https://summerofcode.withgoogle.com/programs/2023/organizations/open-robotics,mailto:gsoc@osrfoundation.org,,,https://twitter.com/OpenRoboticsOrg,https://www.openrobotics.org/blog,"robotics, simulation","ros, gazebo, ignition, Open-RMF"
2023,Fortran-lang,Programming languages,High-performance parallel programming language,https://fortran-lang.org,3,https://summerofcode.withgoogle.com/programs/2023/organizations/fortran-lang,,,https://fortran-lang.discourse.group/,https://twitter.com/fortranlang,,"compilers, programming languages, build systems, libraries, Fortran","python, c++, fortran"
2023,PEcAn Project,Science and medicine,Develop and promote tools for ecosystem modeling,https://pecanproject.github.io/,4,https://summerofcode.withgoogle.com/programs/2023/organizations/pecan-project,,,https://join.slack.com/t/pecanproject/shared_invite/enQtMzkyODUyMjQyNTgzLWEzOTM1ZjhmYWUxNzYwYzkxMWVlODAyZWQwYjliYzA0MDA0MjE4YmMyOTFhMjYyMjYzN2FjODE4N2Y4YWFhZmQ,https://twitter.com/PEcAnProject,,"data science, ecosystem models, scientific visualization, climate science, Ecological Forecasting,","r, docker, api, geospatial"
2023,The ENIGMA Team,Programming languages,A free rapid game development environment.,https://enigma-dev.org,2,https://summerofcode.withgoogle.com/programs/2023/organizations/the-enigma-team,mailto:enigma-team@googlegroups.com,,https://discord.gg/XTzB43C,,https://enigma-dev.org,"graphics, game development, compiler, programming, game design","opengl, c++, qt5"
2023,Genome Assembly and Annotation,Science and medicine,Providing freely accessible genomic data,https://www.ebi.ac.uk/,5,https://summerofcode.withgoogle.com/programs/2023/organizations/genome-assembly-and-annotation,mailto:helpdesk@ensembl.org,,,https://twitter.com/ensembl,,"machine learning, genomics, big data, cloud, hpc","python, mysql, docker, pytorch, nextflow"
2023,GNU Octave,Science and medicine,Free Your Numbers,https://www.octave.org,2,https://summerofcode.withgoogle.com/programs/2023/organizations/gnu-octave,,https://octave.discourse.group/,,,https://octave.discourse.group/,"mathematics, scientific computing, numerical computation, numerical methods, matlab","c++, hg"
2023,The Mifos Initiative,Data,End Poverty One Line of Code at a Time,https://mifos.org,10,https://summerofcode.withgoogle.com/programs/2023/organizations/the-mifos-initiative,mailto:info@mifos.org,https://mifos.org/resources/community/communications/,https://gitter.im/openMF/mifos,https://twitter.com/mifos,https://mifos.org/blog,"cloud, ai, fintech, financial inclusion, mobile banking","android, java, kotlin, spring, angular"
2023,ScummVM,End user applications,Adventure and RPG preservation project,https://www.scummvm.org/,4,https://summerofcode.withgoogle.com/programs/2023/organizations/scummvm,,https://wiki.scummvm.org/index.php/Summer_of_Code/GSoC_Contact,https://wiki.scummvm.org/index.php/Summer_of_Code/GSoC_Contact,,https://planet.scummvm.org/,"games, game engines, software preservation, software archeology","opengl, lua, c++, assembly, sdl"
2023,Processing Foundation,Programming languages,To empower all people to learn to program,http://processingfoundation.org,8,https://summerofcode.withgoogle.com/programs/2023/organizations/processing-foundation,,http://discourse.processing.org,,https://twitter.com/ProcessingOrg,https://medium.com/processing-foundation,"education, web, graphics, creative coding, design","python, javascript, android, java, opengl"
2023,FLARE,Security,Industry leading malware analysis,https://www.mandiant.com/,4,https://summerofcode.withgoogle.com/programs/2023/organizations/flare,mailto:flare-gsoc-2023@mandiant.com,https://github.com/mandiant/flare-gsoc-2023/discussions,,https://twitter.com/Mandiant,https://www.mandiant.com/resources/blog,"emulation, disassembly, decompilation, malware-analysis, reverse-engineering","python, ida-pro, Ghidra"
2023,Swift,Programming languages,"Fast, safe, and expressive programming language",https://swift.org,3,https://summerofcode.withgoogle.com/programs/2023/organizations/swift,,https://forums.swift.org,,https://twitter.com/SwiftLang,,"compilers, cross-platform, Packages, Server development, Standard Libraries","c++, cmake, swift"
2023,SPDX,Other,An open ISO standard for SBOMs,https://spdx.dev,3,https://summerofcode.withgoogle.com/programs/2023/organizations/spdx,,https://lists.spdx.org/g/spdx-tech,https://gitter.im/spdx-org/Lobby,,https://spdx.dev/,"compliance, licensing, data, vulnerabilities","python, java, json, go, rdf"
2023,Creative Commons,Web,Nonprofit building a global digital commons.,https://opensource.creativecommons.org/,1,https://summerofcode.withgoogle.com/programs/2023/organizations/creative-commons,,,https://opensource.creativecommons.org/community/,,https://opensource.creativecommons.org/blog/entries/,"web, nonprofit, copyleft, creative commons, legal","python, javascript, php, css, wordpress"
2023,Sugar Labs,End user applications,Learning software for children,https://sugarlabs.org,8,https://summerofcode.withgoogle.com/programs/2023/organizations/sugar-labs,,sugar-devel@lists.sugarlabs.org,,,https://matrix.to/#/#sugar:matrix.org,"education, games, desktop","python, gtk, typescript, javascipt"
2023,SQLancer,Data,Automatically testing database systems,https://www.sqlancer.com,2,https://summerofcode.withgoogle.com/programs/2023/organizations/sqlancer,,,https://join.slack.com/t/sqlancer/shared_invite/zt-eozrcao4-ieG29w1LNaBDMF7OB_~ACg,https://twitter.com/sqlancer_dbms,,"fuzzing, Automated Testing, Logic bugs, Database systems","java, sql"
2023,CloudCV,Data,Building platforms for reproducible AI Research,https://cloudcv.org/,2,https://summerofcode.withgoogle.com/programs/2023/organizations/cloudcv,,https://groups.google.com/forum/#!forum/cloudcv,https://gitter.im/Cloud-CV/EvalAI,https://twitter.com/eval_ai,,"machine learning, artificial intelligence, computer vision, deep learning, AI/ML","python, django, docker, angularjs, aws"
2023,Software and Computational Systems Lab at LMU Munich,Programming languages,"Software Verification, SAT & SMT solving",https://www.sosy-lab.org/,4,https://summerofcode.withgoogle.com/programs/2023/organizations/software-and-computational-systems-lab-at-lmu-munich,mailto:info@sosy-lab.org,,,,,"software verification, benchmarking, program analysis, formal methods, SAT & SMT solving","python, java"
2023,International Catrobat Association,Programming languages,Free visual coding apps for computational thinking,https://www.catrobat.org,7,https://summerofcode.withgoogle.com/programs/2023/organizations/international-catrobat-association,mailto:contact@catrobat.org,https://catrob.at/mailinglist,https://github.com/Catrobat/Catroid#contributing,https://twitter.com/Pocket_Code,,"education, visual programming, mobile programming, game engines, creativity tools","javascript, swift, kotlin, php, flutter"
2023,Ivy (lets-unify.ai),Data,"All of AI, at your Fingertips.",https://lets-unify.ai,3,https://summerofcode.withgoogle.com/programs/2023/organizations/ivy-lets-unifyai,,,https://discord.gg/5Z6XjPG9uw,https://twitter.com/letsunifyai,https://www.youtube.com/@unifyai,"machine learning, artificial intelligence, computation graph, code conversion, unified API","python, cython, tensorflow, pytorch, Jax"
2023,Machine Learning for Science (ML4SCI),Science and medicine,Machine learning applications in science,https://ml4sci.org/,23,https://summerofcode.withgoogle.com/programs/2023/organizations/machine-learning-for-science-ml4sci,,https://simba3.web.cern.ch/simba3/SelfSubscription.aspx?groupName=ml4sci-announce,https://app.gitter.im/#/room/#ML4SCI_general:gitter.im,,,"machine learning, science and medicine, algorithms, physics, astronomy","python, machine learning, c++, data analysis, artificial intelligence"
2023,DBpedia,Science and medicine,Global and Unified Access to Knowledge Graphs.,https://www.dbpedia.org/,6,https://summerofcode.withgoogle.com/programs/2023/organizations/dbpedia,mailto:dbpedia@infai.org,https://forum.dbpedia.org/,https://dbpedia.slack.com/,https://twitter.com/dbpedia,https://www.dbpedia.org/blog/,"natural language processing, semantic web, linked data, knowledge graph, data extraction","python, javascript, java, scala, rdf"
2023,LibreHealth,Science and medicine,Healthcare for Humanity,https://librehealth.io,5,https://summerofcode.withgoogle.com/programs/2023/organizations/librehealth,,https://forums.librehealth.io,https://chat.librehealth.io,https://twitter.com/LibreHealthIO,,"web, deep learning, hfoss, radiology, mobile apps","python, javascript, android, java, dart/flutter"
2023,The JPF team,Security,JPF is a special JVM for software verification,https://github.com/javapathfinder/jpf-core/wiki,2,https://summerofcode.withgoogle.com/programs/2023/organizations/the-jpf-team,,https://groups.google.com/g/java-pathfinder,,https://twitter.com/Java_Pathfinder,,"model checking, symbolic execution, verification of concurrent systems, program analysis, test input generation","android, java, distributed systems, jvm, smt solvers"
2023,Inkscape,End user applications,Draw freely!,https://inkscape.org,2,https://summerofcode.withgoogle.com/programs/2023/organizations/inkscape,,https://lists.inkscape.org/postorius/lists/inkscape-devel.lists.inkscape.org/,https://chat.inkscape.org,https://twitter.com/inkscape,,"web, graphics, design","python, c++, svg"
2023,AboutCode,Security,"Scan code for origin, license and vulnerabilities",https://aboutcode.org,2,https://summerofcode.withgoogle.com/programs/2023/organizations/aboutcode,,,https://matrix.to/#/#aboutcode-org_discuss:gitter.im,,https://www.aboutcode.org/category/news.html,"dependencies, vulnerabilities, SoftwareCompositionAnalysis, License, SBOM","python, javascript, Django+PostgreSQL, C/Rust/Go"
2023,CHIPS Alliance,Programming languages,"Open source IP, tools & standards for ASIC/FPGA",https://chipsalliance.org/,5,https://summerofcode.withgoogle.com/programs/2023/organizations/chips-alliance,,https://github.com/chipsalliance/ideas/issues,https://chipsalliance.slack.com/,https://twitter.com/CHIPSAlliance,,"soc, IP cores, ASIC design, HDL, chiplets","fpga, chisel, risc-v, systemverilog, ASIC"
2023,Society for Arts and Technology (SAT),Data,Create teleimmersive multisensorial experiences.,https://sat.qc.ca,5,https://summerofcode.withgoogle.com/programs/2023/organizations/society-for-arts-and-technology-sat,,https://gitlab.com/sat-mtl/collaborations/google-summer-of-code/-/issues,https://app.element.io/#/room/#sat-gsoc:matrix.org,https://twitter.com/SATmontreal,,"web, graphics, cloud, multimedia, accessibility","python, javascript, opengl, c++, supercollider"
2023,GnuTLS,Programming languages,C library implementing TLS and DTLS,https://gitlab.com/gnutls/gnutls,2,https://summerofcode.withgoogle.com/programs/2023/organizations/gnutls,,https://lists.gnupg.org/mailman/listinfo/gnutls-help,https://riot.im/app/#/room/#gnutls:matrix.org,https://twitter.com/gnutls,,"security, cryptography, TLS, DTLS","c, Cryptography, TLS"
2023,FreeType,Programming languages,FreeType is a software library to render fonts.,https://freetype.org,3,https://summerofcode.withgoogle.com/programs/2023/organizations/freetype,,freetype-devel@nongnu.org,,,,"library, rendering, fonts, opentype, truetype","c, autotools, meson"
2023,cBioPortal for Cancer Genomics,Science and medicine,Aid discovery in complex cancer genomics data,https://www.cbioportal.org/,6,https://summerofcode.withgoogle.com/programs/2023/organizations/cbioportal-for-cancer-genomics,,,https://slack.cbioportal.org,https://twitter.com/cbioportal,,"genomics, cancer, bioinformatics, big data, precision medicine","mysql, javascript, java, react, typescript"
2023,TensorFlow,Data,TensorFlow is a ML framework for everyone.,https://www.tensorflow.org/,6,https://summerofcode.withgoogle.com/programs/2023/organizations/tensorflow-d1,mailto:tensorflow-gsoc@google.com,,,https://twitter.com/tensorflow,,"education, research, machine learning, on-device machine learning","machine learning, tensorflow, ai, Jax, keras"
2023,OpenStreetMap,Data,Create and distribute free geodata for the world,https://www.openstreetmap.org/,4,https://summerofcode.withgoogle.com/programs/2023/organizations/openstreetmap,,https://community.openstreetmap.org/,,,https://blogs.openstreetmap.org/,"databases, routing, gis, ui, geocoding","python, javascript, java, c++, sql"
2023,Django Software Foundation,Web,Web framework for perfectionists with deadlines,https://www.djangoproject.com,1,https://summerofcode.withgoogle.com/programs/2023/organizations/django-software-foundation-8o,,https://forum.djangoproject.com/c/internals/mentorship/10,,,https://www.djangoproject.com/weblog/,"web, python","python, django"
2023,Open Technologies Alliance - GFOSS,End user applications,Promote Open Standards and Open Source,http://www.gfoss.eu,7,https://summerofcode.withgoogle.com/programs/2023/organizations/open-technologies-alliance-gfoss,mailto:info@eellak.gr,https://lists.ellak.gr/gsoc-developers/listinfo.html,https://chat.ellak.gr,https://twitter.com/eellak,admin@eellak.gr,"web, robotics, open hardware, c++, nodered","javascript, c/c++, nodejs, python 3, Machine Learning (ML)"
2023,FOSSology,Web,Open Source License Compliance by OSS,https://fossology.org,5,https://summerofcode.withgoogle.com/programs/2023/organizations/fossology,,fossology-devel@fossology.org,https://fossology.slack.com/,,https://fossology.org,"automation, spdx, license compliance, nlp, compliance automation","python, postgresql, c/c++, go, php"
2023,GNU Project,Operating systems,Development of the GNU Operating System,https://www.gnu.org,7,https://summerofcode.withgoogle.com/programs/2023/organizations/gnu-project,mailto:summer-of-code@gnu.org,,,,https://planet.gnu.org,"tools, toolchain, command line, OS, binary tools","c, c++, gcc, autotools"
2023,freifunk,Operating systems,Free and open wireless networks,https://freifunk.net/en,6,https://summerofcode.withgoogle.com/programs/2023/organizations/freifunk,mailto:gsoc-org-admins@freifunk.net,,https://matrix.to/#/#freifunk-gsoc2021:bau-ha.us,https://twitter.com/freifunk,https://blog.freifunk.net,"embedded systems, open hardware, routing, wireless networks, federation","c, python, javascript, openwrt, gnu/linux"
2023,Liquid Galaxy project,Data,We code immersive and interactive aps with G Earth,https://www.liquidgalaxy.eu,11,https://summerofcode.withgoogle.com/programs/2023/organizations/liquid-galaxy-project,mailto:liquidgalaxylab@gmail.com,,,https://twitter.com/_liquidgalaxy,,"visualization, networking, maps, cluster, ux","python, linux, android, flutter, Google Earth"
2023,The Julia Language,Data,A fresh approach to technical computing,https://julialang.org,14,https://summerofcode.withgoogle.com/programs/2023/organizations/the-julia-language,,https://discourse.julialang.org,https://julialang.org/slack/,https://twitter.com/JuliaLanguage,https://julialang.org/blog/,"math, machine learning, science, data science, graphs","machine learning, julia, data science, gui, models"
2023,Plone Foundation,Web,"Python-based CMS, with React front-end.",https://plone.org,5,https://summerofcode.withgoogle.com/programs/2023/organizations/plone-foundation,mailto:gsoc@cleanclothes.org,https://community.plone.org/t/recommendations-for-gsoc-aspirants/16301/1,,https://twitter.com/plone,,"web, cms","python, javascript, react"
2023,rocket.chat,End user applications,Open source team chat and communications platform,https://github.com/RocketChat,10,https://summerofcode.withgoogle.com/programs/2023/organizations/rocketchat,mailto:gsoc+2023@rocket.chat,https://forums.rocket.chat/c/gsoc/gsoc2023/76,https://open.rocket.chat/channel/gsoc2023,https://twitter.com/rocketchat4all,,"communications, messaging, group chat, Team Collaboration, Chat platform","javascript, raspberry pi, typescript, node, meteorJS"
2023,Internet Health Report,Science and medicine,Monitoring the Internet,https://ihr.iijlab.net,4,https://summerofcode.withgoogle.com/programs/2023/organizations/internet-health-report,mailto:admin@ihr.live,,,https://twitter.com/ihr_alerts,,"networking, routing, communication, internet, data analytics","python, javascript, apache kafka, VueJS"
2023,Kotlin Foundation,Programming languages,Advance the Kotlin programming language,https://kotlinfoundation.org/,4,https://summerofcode.withgoogle.com/programs/2023/organizations/kotlin-foundation,mailto:gsoc@kotlinfoundation.org,,https://slack-chats.kotlinlang.org/c/gsoc,https://twitter.com/kotlin,https://blog.jetbrains.com/kotlin/,"compilers, programming languages, software development, libraries, Programming & Build Tools","gradle, kotlin, jvm, Parsers & Compilers, Multiplatform"
2023,gprMax,Science and medicine,Simulating electromagnetic wave propagation,https://www.gprmax.com,4,https://summerofcode.withgoogle.com/programs/2023/organizations/gprmax,mailto:info@gprmax.com,,https://twitter.com/gprMax_fdtd,https://twitter.com/gprmax_fdtd,,"science, engineering, geophysics, electromagnetics, ground penetrating radar","python, cuda, openmp, mpi, opencl"
2023,BRL-CAD,End user applications,3D CAD & other computer-aided tech (CAx),https://opencax.github.io/,5,https://summerofcode.withgoogle.com/programs/2023/organizations/brl-cad,mailto:gsoc@kicad.org,https://sourceforge.net/p/ifcopenshell/discussion/,https://web.libera.chat/?channel=#openscad,,,"geometry, 2d/3d graphics, ray tracing, high-performance computing, conversion standards","python, c/c++, opengl, opencl, scripting"
2023,Metasploit,Security,Worlds most used penetration testing framework,https://metasploit.com,1,https://summerofcode.withgoogle.com/programs/2023/organizations/metasploit,mailto:msfdev@metasploit.com,,https://metasploit.com/slack,https://twitter.com/metasploit,,"security, penetration testing, offensive security, exploitation","c, python, postgresql, ruby, assembly"
2023,Scala Center,Programming languages,Guide and support the Scala community,https://scala-lang.org/,6,https://summerofcode.withgoogle.com/programs/2023/organizations/scala-center,mailto:scala.center@epfl.ch,,,https://twitter.com/scala_lang/,,"education, compilers, tooling","scala, scala.js, scala native"
2023,Apache Software Foundation,Other,Open source software to the public free of charge,https://apache.org,25,https://summerofcode.withgoogle.com/programs/2023/organizations/apache-software-foundation,,http://apache.org/foundation/mailinglists.html,,https://twitter.com/theasf,,"big data, cloud, libraries, other","c, java, c++"
2023,SageMath,Science and medicine,Open-source mathematics software system,https://www.sagemath.org,6,https://summerofcode.withgoogle.com/programs/2023/organizations/sagemath,mailto:tcscrims@gmail.com,https://groups.google.com/g/sage-gsoc,https://twitter.com/sagemath,https://twitter.com/sagemath,,"mathematics, education, research","python, cython"
2023,FFmpeg,Media,"Record, convert and stream audio & video",https://ffmpeg.org/,3,https://summerofcode.withgoogle.com/programs/2023/organizations/ffmpeg,,http://ffmpeg.org/contact.html#MailingLists,http://ffmpeg.org/contact.html#IRCChannels,,,"audio, video, subtitles, multimedia","c, git, asm"
2023,MZmine and MS-DIAL,Science and medicine,Open-source software for mass spectrometry,https://mzmine-ms-dial-gsoc.github.io/,2,https://summerofcode.withgoogle.com/programs/2023/organizations/mzmine-and-ms-dial,mailto:mzmine.msdial.gsoc@gmail.com,,,https://twitter.com/msdial_project,,"data science, graphics, cheminformatics, mass spectrometry, feature detection","java, c#, javafx"
2023,R project for statistical computing,Science and medicine,R software for statistical computing & graphics,https://www.r-project.org/,9,https://summerofcode.withgoogle.com/programs/2023/organizations/r-project-for-statistical-computing,mailto:gsoc-r@googlegroups.com,gsoc-r@googlegroups.com,,,,"visualization, machine learning, data science, graphics, statistics","c, javascript, c++, r-project, fortran"
2023,RTEMS Project,Operating systems,A real-time operating system for Earth & Space,https://www.rtems.org/,3,https://summerofcode.withgoogle.com/programs/2023/organizations/rtems-project,mailto:https://devel.rtems.org/wiki/RTEMSMailingLists,,https://devel.rtems.org/wiki/Developer/discord,,,"kernel, embedded, real-time, multicore, rtos","python, c/c++, assembly, posix"
2023,MetaBrainz Foundation Inc,Data,"Open music / book metadata, music recommendations",https://metabrainz.org,7,https://summerofcode.withgoogle.com/programs/2023/organizations/metabrainz-foundation-inc,mailto:suppport@metabrainz.org,,https://metabrainz.org/contact,metabrainz,,"open data, music, books, Music recommendation, music social network","python, react, perl, postgres, spark"
2023,SymPy,Science and medicine,SymPy is a Python library for symbolic mathematics,https://www.sympy.org/,5,https://summerofcode.withgoogle.com/programs/2023/organizations/sympy,,https://groups.google.com/g/sympy,,,,"mathematics, physics, symbolic mathematics","python, numpy, jupyter"
2023,Apertium,Science and medicine,A free/open-source machine translation platform,https://apertium.org/,5,https://summerofcode.withgoogle.com/programs/2023/organizations/apertium,,apertium-stuff@lists.sourceforge.net,https://wiki.apertium.org/wiki/IRC,,,"natural language processing, machine translation, language technology, less-resources languages","python, javascript, c++, xml, bash"
2023,The Honeynet Project,Security,Honeypots and Threat Intelligence R&D,https://honeynet.org,6,https://summerofcode.withgoogle.com/programs/2023/organizations/the-honeynet-project,,,https://gsoc-slack.honeynet.org/,,https://www.honeynet.org/blog/,"honeypots, malware analysis, Threat Intelligence","python, javascript, django, go, docker"
2023,MDAnalysis,Science and medicine,Analysis of molecular simulations data with Python,https://www.mdanalysis.org,2,https://summerofcode.withgoogle.com/programs/2023/organizations/mdanalysis,,https://groups.google.com/a/mdanalysis.org/g/gsoc,,https://twitter.com/mdanalysis,https://www.mdanalysis.org/blog/,"science, computational-chemistry, high-performance-computing, molecular-simulation, soft-matter-physics","python, cython, c/c++"
2023,Open Chemistry,Science and medicine,Advancing Open Source & Open Science for Chemistry,https://openchemistry.org/,8,https://summerofcode.withgoogle.com/programs/2023/organizations/open-chemistry,,https://public.kitware.com/mailman/listinfo/openchemistry-developers,,https://twitter.com/openchem,,"data science, graphics, scientific visualization, cheminformatics, quantum chemistry","python, javascript, opengl, c++, c++14"
2023,GCP Scanner,Security,Security scanning tool for Google Cloud,https://github.com/google/gcp_scanner/wiki/Google-Summer-of-Code-2023,3,https://summerofcode.withgoogle.com/programs/2023/organizations/gcp-scanner,mailto:gcp_scanner@google.com,https://groups.google.com/g/gcp-scanner,https://mail.google.com/chat/u/0/#chat/space/AAAASZhS34E,https://twitter.com/mshudrak,,"security, automation, scanning, google cloud","python, google cloud"
2023,Learning Equality,End user applications,Equity in education to transform lives,https://learningequality.org/,3,https://summerofcode.withgoogle.com/programs/2023/organizations/learning-equality,mailto:gsoc@learningequality.org,,,,https://blog.learningequality.org/,"education, distributed databases, offline, learning","python, javascript, django, vue.js"
2023,Pitivi,End user applications,Self-expression through filmmaking,https://www.pitivi.org/,2,https://summerofcode.withgoogle.com/programs/2023/organizations/pitivi,mailto:pitivi@pitivi.org,,https://matrix.to/#/#pitivi:matrix.org,https://twitter.com/pitivi,https://www.pitivi.org/news/,"video processing, filmmaking, video editing","c, python, gtk, gstreamer"
2023,GitLab,Infrastructure and cloud,Everyone can contribute,https://gitlab.com,3,https://summerofcode.withgoogle.com/programs/2023/organizations/gitlab,mailto:contributors@gitlab.com,,https://discord.gg/gitlab,https://twitter.com/gitlab,,"cloud, devops","javascript, ruby on rails, go, ruby, vue"
2023,caMicroscope,Science and medicine,Toolkit for cancer imaging research,https://camicroscope.github.io,3,https://summerofcode.withgoogle.com/programs/2023/organizations/camicroscope,mailto:camicroscope-gsoc@googlegroups.com,https://github.com/camicroscope/GSOC/discussions,,,https://camicroscope.github.io/community,"data visualization, image analysis, AI/ML, microscopy, dicom pathology","python, javascript, mongodb, opencv, tensorflow"
2023,Micro Electronics Research Lab - UITU,Other,Accelerating Engineering Innovation,https://www.merledupk.org,1,https://summerofcode.withgoogle.com/programs/2023/organizations/micro-electronics-research-lab-uitu,,,https://gitter.im/merledu/community,https://twitter.com/merluit,,"iot, embedded, Processor, System on Chip, RISC-V","RISCV, Processor, Hardware, systemonchip, memory"
2023,OpenMRS,Programming languages,"Write Code, Save Lives.",https://openmrs.org/,9,https://summerofcode.withgoogle.com/programs/2023/organizations/openmrs,,https://talk.openmrs.org/,,https://twitter.com/openmrs,,"platform, frontend, Electronic Medical Record System, QA automation","mysql, javascript, java, reactjs, fhir"
2023,Wagtail,Web,The powerful Python CMS for modern websites,https://wagtail.org/,2,https://summerofcode.withgoogle.com/programs/2023/organizations/wagtail,,https://github.com/wagtail/gsoc/discussions,,https://twitter.com/wagtailcms,https://wagtail.org/blog/,"web, accessibility, cms","python, javascript, django"
2023,OpenWISP,End user applications,The Hackable Network Management System,https://openwisp.org,1,https://summerofcode.withgoogle.com/programs/2023/organizations/openwisp,,https://groups.google.com/forum/#!aboutgroup/openwisp,https://gitter.im/openwisp/general,https://twitter.com/openwisp,,"networking, network management system, wifi, vpn, sdn","python, javascript, django, lua, openwrt"
2023,SCoRe Lab,End user applications,SCoRe Lab develops FOSS softwares for everyone!!!,https://scorelab.org/,12,https://summerofcode.withgoogle.com/programs/2023/organizations/score-lab,mailto:gsoc@scorelab.org,https://groups.google.com/g/score-community,https://app.gitter.im/#/room/#scorelab_Google-Summer-of-Code:gitter.im,https://twitter.com/SCoReLab_Org,https://medium.com/scorelab,"security, web, machine learning, cloud","python, java, go, nodejs, reactjs"
2023,Gentoo Foundation,Operating systems,"A flexible, source-based Linux distribution.",https://www.gentoo.org/,3,https://summerofcode.withgoogle.com/programs/2023/organizations/gentoo-foundation,,gentoo-soc@lists.gentoo.org ,https://web.libera.chat/?channels=#gentoo-soc,,,"operating systems, security, embedded, init, package","c, python, shell, linux, bash"
2023,Free and Open Source Silicon Foundation,Other,Working together for Free and Open Source Silicon,https://www.fossi-foundation.org,5,https://summerofcode.withgoogle.com/programs/2023/organizations/free-and-open-source-silicon-foundation,mailto:gsoc@fossi-foundation.org,,https://gitter.im/librecores/Lobby,https://twitter.com/fossifoundation,,"hardware, debug, web services, simulation, electronic design tools","verilog, risc-v, compiler, web development"
2023,Oppia Foundation,End user applications,"Free platform for interactive, tutor-like lessons",https://www.oppia.org,5,https://summerofcode.withgoogle.com/programs/2023/organizations/oppia-foundation,,https://github.com/oppia/oppia/discussions,,https://twitter.com/oppiaorg?lang=en,https://medium.com/oppia-org,"education, web, community, nonprofit, social impact","python, google app engine, angular, typescript"
2023,AOSSIE,End user applications,Australian Umbrella Org for Open-Source Projects,https://aossie.gitlab.io/,6,https://summerofcode.withgoogle.com/programs/2023/organizations/aossie,,,https://discord.gg/xbPtJ9Jd,https://twitter.com/aossie_org,,"machine learning, electronic voting, natural language processing, social science","python, javascript, machine learning, scala, Blockchain"
2023,The Palisadoes Foundation,End user applications,Transforming non-profit organizations in the cloud,https://www.palisadoes.org,8,https://summerofcode.withgoogle.com/programs/2023/organizations/the-palisadoes-foundation,,https://www.freelists.org/list/palisadoes,https://www.palisadoes.org/slack,,https://www.palisadoes.org/news/,"web, api, database, cloud, mobile","mongodb, flutter, graphql, typescript"
2023,XMPP Standards Foundation,End user applications,XSF develops an open-standard messaging protocol,https://xmpp.org/,2,https://summerofcode.withgoogle.com/programs/2023/organizations/xmpp-standards-foundation,mailto:xsfcommteam@protonmail.com,https://mail.jabber.org/mailman/listinfo/gsoc,https://xmpp.org/chat#converse/room?jid=gsoc@muc.xmpp.org,https://fosstodon.org/@xmpp,https://xmpp.org/blog/,"instant messaging, chat, WebRTC, Jingle, Real-Time Communication","vala, xmpp, swift, dart, Objective C"
2023,The FreeBSD Project,Operating systems,FreeBSD: An OS for servers to embedded systems,https://www.freebsd.org/,6,https://summerofcode.withgoogle.com/programs/2023/organizations/the-freebsd-project,mailto:soc-admins@FreeBSD.org,https://lists.freebsd.org/mailman/listinfo/freebsd-hackers,https://wiki.freebsd.org/SummerOfCode/IRC,https://twitter.com/freebsdfndation,,"virtualization, operating system, Embedded System","c, llvm, assembly, make, POSIX shell"
2023,MuseScore,End user applications,The Worlds Most Popular Music Notation Software,https://musescore.org/,1,https://summerofcode.withgoogle.com/programs/2023/organizations/musescore,,,https://musescore.org/en/node/271551,,https://musescore.org/en/node/271551,"music, midi, musicxml, sheet music, music notation","c++, qt, qml, cmake"
2023,52North Spatial Information Research GmbH,Science and medicine,Innovative ideas & technologies in geoinformatics,https://52north.org/,3,https://summerofcode.withgoogle.com/programs/2023/organizations/52north-spatial-information-research-gmbh,mailto:gsoc@52north.org,gsoc-52n@52north.org,https://52n-gsoc.slack.com/ssb/redirect,,,"citizen science, spatial information infrastructures, open standards, data analytics, Geoinformation","javascript, android, java, web services, ogc standards"
2023,checkstyle,Programming languages,Helps to adheres of Java coding standard,https://checkstyle.org,2,https://summerofcode.withgoogle.com/programs/2023/organizations/checkstyle,,https://groups.google.com/g/checkstyle-devel,https://gitter.im/checkstyle/checkstyle,,https://groups.google.com/g/checkstyle-devel,"static code analysis, code review tool, coding standards, coding conventions","java, antlr"
2023,LLVM Compiler Infrastructure,Programming languages,LLVM Compiler Infrastructure,http://www.llvm.org,20,https://summerofcode.withgoogle.com/programs/2023/organizations/llvm-compiler-infrastructure,,https://discourse.llvm.org/c/community/gsoc/32,https://discord.com/channels/636084430946959380/642374147640524831,https://twitter.com/llvmorg,https://blog.llvm.org/,"compilers, development tools, libraries","llvm, c++, clang, mlir"
2023,Jenkins,Programming languages,"Jenkins, build great things at any scale",https://jenkins.io/,4,https://summerofcode.withgoogle.com/programs/2023/organizations/jenkins-wp,,https://community.jenkins.io/c/contributing/gsoc/6,https://gitter.im/jenkinsci/gsoc-sig,https://twitter.com/jenkinsci,https://www.jenkins.io/node/,"developer tools, automation, continuous integration, continuous delivery, devops","javascript, java, go, docker, kubernetes"
2023,Ruby,Programming languages,Ruby is an object-oriented programming language,https://www.ruby-lang.org/,4,https://summerofcode.withgoogle.com/programs/2023/organizations/ruby,mailto:saroj@zoras.me,,https://bundler.slack.com,,https://rubygsoc.github.io/,"security, web, cloud, server, application","c, java, ruby on rails, ruby, rubygems"
2023,Mayor's Office of New Urban Mechanics,Data,Exploring new approaches to civic life.,https://www.boston.gov/mechanics,4,https://summerofcode.withgoogle.com/programs/2023/organizations/mayors-office-of-new-urban-mechanics,mailto:info@newurbanmechanics.org,,,https://twitter.com/newurbanmechs,,"web, machine learning, gis, civic tech, analytics","python, javascript, ruby, tensorflow"
2023,"Department of Biomedical Informatics, Emory University",Science and medicine,Biomedical research to advance healthcare,https://med.emory.edu/departments/biomedical-informatics/,5,https://summerofcode.withgoogle.com/programs/2023/organizations/department-of-biomedical-informatics-emory-university,,,http://bit.ly/emory-bmi,https://twitter.com/emorybmi,,"science and medicine, data integration, workflows, radiology, distributed system","python, javascript, java, workflows, dicom"
